{"corr_selector": {"Year1": {"features": ["[(cash + short-term securities + receivables - short-term liabilities) / (operating expenses - depreciation)] * 365 ", "sales / inventory ", "short-term liabilities / total assets "], "auc": [0.5928997922306044, 0.6171168883092029, 0.6035539818098004]}, "Year2": {"features": ["(short-term liabilities *365) / sales ", "rotation receivables + inventory turnover in days ", "logarithm of total assets ", "total costs /total sales ", "(inventory * 365) / sales ", "sales (n) / sales (n-1) ", "profit on sales / sales ", "EBITDA (profit on operating activities - depreciation) / sales ", "(total liabilities - cash) / sales ", "profit on operating activities / sales ", "(receivables * 365) / sales ", "(sales - cost of products sold) / sales ", "long-term liabilities / equity ", "(total liabilities * 365) / (gross profit + depreciation) ", "(current assets - inventory - short-term liabilities) / (sales - gross profit - depreciation) ", "total liabilities / ((profit on operating activities + depreciation) * (12/365)) "], "auc": [0.5714203673385858, 0.5525652307377469, 0.5894752123196563, 0.5530710887138033, 0.6013753453391998, 0.6121746137317099, 0.650923206794229, 0.6827845850813464, 0.6629672311470378, 0.6920412104778471, 0.7059869026910877, 0.7050447661925714, 0.7090035045533613, 0.6884544152256217, 0.6963891589071933, 0.6927826665302363]}, "Year3": {"features": ["long-term liabilities / equity ", "(total liabilities - cash) / sales ", "(inventory * 365) / sales ", "rotation receivables + inventory turnover in days ", "(sales - cost of products sold) / sales ", "(receivables * 365) / sales ", "total costs /total sales ", "logarithm of total assets ", "sales (n) / sales (n-1) ", "total liabilities / ((profit on operating activities + depreciation) * (12/365)) ", "(total liabilities * 365) / (gross profit + depreciation) ", "[(cash + short-term securities + receivables - short-term liabilities) / (operating expenses - depreciation)] * 365 ", "sales / receivables ", "profit on operating activities / financial expenses ", "short-term liabilities / total assets ", "working capital "], "auc": [0.5407742492874388, 0.5998292275270694, 0.5975454989543718, 0.6086380390636985, 0.641425041784754, 0.6167879837544106, 0.6189579649411784, 0.6297664898384322, 0.6672149149367375, 0.73403216820483, 0.7279131240462176, 0.7578649201850641, 0.7443812626666344, 0.8501293914363458, 0.8585860604445735, 0.8547760781273971]}, "Year4": {"features": ["(short-term liabilities *365) / sales ", "long-term liabilities / equity ", "short-term liabilities / total assets ", "(inventory * 365) / sales ", "logarithm of total assets ", "sales (n) / sales (n-1) ", "total liabilities / ((profit on operating activities + depreciation) * (12/365)) ", "(total liabilities * 365) / (gross profit + depreciation) ", "total costs /total sales ", "[(cash + short-term securities + receivables - short-term liabilities) / (operating expenses - depreciation)] * 365 ", "(inventory * 365) / cost of products sold ", "(current assets - inventory - short-term liabilities) / (sales - gross profit - depreciation) ", "working capital ", "constant capital / total assets ", "total liabilities / total assets ", "equity / total assets ", "working capital / total assets ", "retained earnings / total assets ", "(equity - share capital) / total assets ", "(total liabilities - cash) / sales ", "profit on operating activities / financial expenses ", "(receivables * 365) / sales ", "sales / receivables ", "(current assets - inventories) / long-term liabilities ", "profit on sales / sales ", "(sales - cost of products sold) / sales ", "rotation receivables + inventory turnover in days ", "(short-term liabilities * 365) / cost of products sold) ", "net profit / inventory "], "auc": [0.6085451963358594, 0.6153565923031278, 0.6514293099857567, 0.662220273334931, 0.6673429747438859, 0.7515483014156525, 0.7612563067027653, 0.7720873524773136, 0.7743238052977873, 0.781927954195102, 0.782986841871169, 0.7920161669270804, 0.7879902378886714, 0.7883360142161794, 0.7842040708255409, 0.7971106117959542, 0.7857804718004963, 0.804954836630104, 0.8038027023717703, 0.8154864677336475, 0.8779723525453388, 0.871640061913219, 0.8824070595302507, 0.8688391062142411, 0.8797776314949488, 0.8833087571203865, 0.8773582437409146, 0.8688527112150207, 0.8725941910832826]}, "Year5": {"features": ["logarithm of total assets ", "[(cash + short-term securities + receivables - short-term liabilities) / (operating expenses - depreciation)] * 365 ", "total liabilities / total assets ", "(total liabilities - cash) / sales ", "(receivables * 365) / sales ", "(short-term liabilities *365) / sales ", "sales / receivables ", "(current liabilities * 365) / cost of products sold ", "long-term liabilities / equity ", "constant capital / total assets ", "sales / total assets ", "sales (n) / sales (n-1) ", "total liabilities / ((profit on operating activities + depreciation) * (12/365)) ", "working capital ", "(current assets - inventory - short-term liabilities) / (sales - gross profit - depreciation) ", "(total liabilities * 365) / (gross profit + depreciation) ", "(inventory * 365) / sales "], "auc": [0.6245547671840355, 0.740969844789357, 0.7592427937915742, 0.759269844789357, 0.7598303769401331, 0.755840798226164, 0.7674239467849224, 0.7766915742793793, 0.7633454545454545, 0.772989356984479, 0.7834674057649667, 0.8556077605321507, 0.8715046563192906, 0.8729920177383592, 0.8656640798226164, 0.8632751662971176, 0.8661359201773835]}}, "greedy_selector": {"Year1": {"features": ["profit on operating activities / financial expenses ", "(gross profit + depreciation) / sales ", "operating expenses / total liabilities ", "(gross profit + extraordinary items + financial expenses) / total assets ", "gross profit (in 3 years) / total assets ", "(equity - share capital) / total assets ", "(short-term liabilities *365) / sales ", "profit on operating activities / sales ", "(current assets - inventories) / long-term liabilities ", "working capital / fixed assets ", "EBITDA (profit on operating activities - depreciation) / sales ", "total costs /total sales ", "sales / total assets ", "rotation receivables + inventory turnover in days ", "(gross profit + interest) / sales ", "sales (n) / sales (n-1) "], "auc": [0.7662340322337505, 0.8515500230490758, 0.8878228236101189, 0.8920153522139129, 0.9106845575560552, 0.9199388707919051, 0.9199388707919051, 0.9199388707919051, 0.9206330740039195, 0.9206330740039195, 0.9219431026459465, 0.9219431026459465, 0.9219431026459465, 0.9219431026459465, 0.9235076542594912, 0.9246464533917096]}}}